"","jpg","candidate","party","clarifai_gender","clarifai_race"
"1","abby_broyles.jpg","Abby Broyles","DEM","Feminine","White"
"2","adrian_perkins.jpg","Adrian Perkins","DEM","Masculine","Black"
"3","al_damato.jpg","Al D'Amato","REP","Masculine","White"
"4","al_franken.jpg","Al Franken","DEM","Masculine","White"
"5","al_gross.jpg","Al Gross","IND","Masculine","White"
"6","alan_blinken.jpg","Alan Blinken","DEM","Masculine","White"
"7","alan_keyes.jpg","Alan Keyes","REP","Masculine","Black"
"8","alan_schlesinger.jpg","Alan Schlesinger","REP","Masculine","White"
"9","alex_sanders.jpg","Alex Sanders","DEM","Masculine","White"
"10","alexi_giannoulias.jpg","Alexi Giannoulias","DEM","Masculine","Middle Eastern"
"11","alison_lundergan_grimes.jpg","Alison Lundergan Grimes","DEM","Feminine","Middle Eastern"
"12","allen_mcculloch.jpg","Allen McCulloch","REP","Masculine","White"
"13","allen_waters.jpg","Allen Waters","REP","Masculine","Latino_Hispanic"
"14","allen_weh.jpg","Allen Weh","REP","Masculine","White"
"15","alvin_greene.jpg","Alvin Greene","DEM","Masculine","Black"
"16","amanda_curtis.jpg","Amanda Curtis","DEM","Feminine","White"
"17","amy_klobuchar.jpg","Amy Klobuchar","DEM","Feminine","White"
"18","amy_mcgrath.jpg","Amy McGrath","DEM","Feminine","White"
"19","andrew_rice.jpg","Andrew Rice","DEM","Masculine","White"
"20","ann_kirkpatrick.jpg","Ann Kirkpatrick","DEM","Feminine","White"
"21","arlen_specter.jpg","Arlen Specter","REP","Masculine","White"
"22","arthur_small.jpg","Arthur Small","DEM","Masculine","White"
"23","barack_obama.jpg","Barack Obama","DEM","Masculine","Latino_Hispanic"
"24","barbara_ann_radnofsky.jpg","Barbara Ann Radnofsky","DEM","Feminine","White"
"25","barbara_bollier.jpg","Barbara Bollier","DEM","Feminine","White"
"26","barbara_boxer.jpg","Barbara Boxer","DEM","Feminine","Middle Eastern"
"27","barbara_mikulski.jpg","Barbara Mikulski","DEM","Feminine","White"
"28","barry_hinckley.jpg","Barry Hinckley","REP","Masculine","White"
"29","ben_cardin.jpg","Ben Cardin","DEM","Masculine","White"
"30","ben_nelson.jpg","Ben Nelson","DEM","Masculine","White"
"31","ben_ray_lujan.jpg","Ben Ray Lujan","DEM","Masculine","Latino_Hispanic"
"32","ben_sasse.jpg","Ben Sasse","REP","Masculine","White"
"33","beto_orourke.jpg","Beto O'Rourke","DEM","Masculine","White"
"34","bill_bradbury.jpg","Bill Bradbury","DEM","Masculine","Middle Eastern"
"35","bill_cassidy.jpg","Bill Cassidy","REP","Masculine","White"
"36","bill_frist.jpg","Bill Frist","REP","Masculine","White"
"37","bill_hagerty.jpg","Bill Hagerty","REP","Masculine","White"
"38","bill_lloyd.jpg","Bill Lloyd","DEM","Masculine","White"
"39","bill_mccollum.jpg","Bill McCollum","REP","Masculine","White"
"40","bill_nelson.jpg","Bill Nelson","DEM","Masculine","White"
"41","blanche_lincoln.jpg","Blanche Lincoln","DEM","Feminine","White"
"42","bob_bennett.jpg","Bob Bennett","REP","Masculine","White"
"43","bob_casey_jr.jpg","Bob Casey Jr.","DEM","Masculine","White"
"44","bob_clement.jpg","Bob Clement","DEM","Masculine","Middle Eastern"
"45","bob_conley.jpg","Bob Conley","DEM","Masculine","Middle Eastern"
"46","bob_corker.jpg","Bob Corker","REP","Masculine","White"
"47","bob_franks.jpg","Bob Franks","REP","Masculine","White"
"48","bob_hugin.jpg","Bob Hugin","REP","Masculine","White"
"49","bob_inglis.jpg","Bob Inglis","REP","Masculine","White"
"50","bob_kerrey.jpg","Bob Kerrey","DEM","Masculine","Middle Eastern"
"51","bob_menendez.jpg","Bob Menendez","DEM","Masculine","White"
"52","bob_schaffer.jpg","Bob Schaffer","REP","Masculine","White"
"53","bob_tuke.jpeg","Bob Tuke","DEM","Masculine","White"
"54","brad_ellsworth.jpg","Brad Ellsworth","DEM","Masculine","White"
"55","brad_hutto.jpg","Brad Hutto","DEM","Masculine","White"
"56","brian_herr.jpg","Brian Herr","REP","Masculine","White"
"57","brian_schweitzer.jpg","Brian Schweitzer","DEM","Masculine","White"
"58","bruce_braley.jpg","Bruce Braley","DEM","Masculine","White"
"59","bruce_lunsford.jpeg","Bruce Lunsford","DEM","Feminine","White"
"60","byron_dorgan.jpg","Byron Dorgan","DEM","Masculine","White"
"61","cal_cunningham.jpg","Cal Cunningham","DEM","Masculine","White"
"62","carl_levin.jpg","Carl Levin","DEM","Masculine","White"
"63","carol_m_braun.jpg","Carol Moseley Braun","DEM","Feminine","Black"
"64","catherine_c_masto.jpg","Catherine Cortez Masto","DEM","Feminine","White"
"65","charles_e_summers_jr.jpg","Charles E. Summers Jr.","REP","Masculine","White"
"66","charles_melancon.jpg","Charles Melancon","DEM","Masculine","White"
"67","charlie_a_matulka.jpg","Charlie A. Matulka"," DEM","Masculine","Middle Eastern"
"68","chele_chiavacci_farley.jpg","Chele Chiavacci Farley","REP","Feminine","White"
"69","chellie_pingree.jpg","Chellie Pingree","DEM","Feminine","White"
"70","chris_coons.jpg","Chris Coons","DEM","Masculine","White"
"71","chris_janicek.jpg","Chris Janicek","DEM","Masculine","White"
"72","chris_murphy.jpg","Chris Murphy","DEM","Masculine","White"
"73","chris_rothfuss.jpg","Chris Rothfuss","DEM","Masculine","White"
"74","chris_van_hollen.jpg","Chris Van Hollen","DEM","Masculine","White"
"75","chris_vance.jpg","Chris Vance","REP","Masculine","White"
"76","christine_odonnell.jpg","Christine O'Donnell","REP","Feminine","Latino_Hispanic"
"77","christopher_dodd.jpg","Chris Dodd","DEM","Masculine","White"
"78","christopher_reed.jpg","Christopher Reed","REP","Masculine","White"
"79","chuck_grassley.jpg","Chuck Grassley","REP","Masculine","White"
"80","chuck_hagel.jpg","Chuck Hagel"," REP","Masculine","White"
"81","chuck_robb.jpeg","Chuck Robb","DEM","Masculine","White"
"82","chuck_schumer.jpg","Chuck Schumer","DEM","Masculine","White"
"83","cindy_hyde-smith.jpg","Cindy Hyde-Smith","REP","Feminine","White"
"84","claire_mccaskill.jpg","Claire McCaskill","DEM","Feminine","White"
"85","conrad_burns.jpg","Conrad Burns","REP","Masculine","White"
"86","corey_stewart.jpg","Corey Stewart","REP","Masculine","White"
"87","corky_messner.jpg","Corky Messner","REP","Masculine","White"
"88","cory_booker.jpg","Cory Booker","DEM","Masculine","Black"
"89","cory_gardner.jpeg","Cory Gardner","REP","Masculine","White"
"90","craig_l_thomas.jpg","Craig L. Thomas","REP","Masculine","Latino_Hispanic"
"91","cynthia_dill.jpg","Cynthia Dill","DEM","Feminine","White"
"92","cynthia_lummis.jpg","Cynthia Lummis","REP","Feminine","White"
"93","dale_groutage.jpg","Dale Groutage"," DEM","Masculine","White"
"94","dan_ahlers.jpg","Dan Ahlers","DEM","Masculine","White"
"95","dan_bongino.jpg","Dan Bongino","REP","Masculine","White"
"96","dan_carter.jpg","Dan Carter","REP","Masculine","White"
"97","dan_coats.jpg","Dan Coats","REP","Masculine","White"
"98","dan_sullivan.jpg","Dan Sullivan","REP","Masculine","White"
"99","daniel_gade.jpg","Daniel Gade","REP","Masculine","White"
"100","daniel_mongiardo.jpg","Daniel Mongiardo","DEM","Masculine","Middle Eastern"
"101","darryl_glenn.jpg","Darryl Glenn","REP","Masculine","Black"
"102","david_baria.jpg","David Baria","DEM","Masculine","White"
"103","david_johnson.jpg","David Johnson","DEM","Masculine","White"
"104","david_perdue.jpg","David Perdue","REP","Masculine","White"
"105","david_vitter.jpg","David Vitter","REP","Masculine","White"
"106","david_walters.jpg","David Walters","DEM","Masculine","White"
"107","dean_heller.jpg","Dean Heller","REP","Masculine","White"
"108","deb_fischer.jpg","Deb Fischer","REP","Feminine","White"
"109","debbie_stabenow.jpg","Debbie Stabenow","DEM","Feminine","White"
"110","deborah_k_ross.jpg","Deborah Ross","DEM","Feminine","White"
"111","denise_majette.jpg","Denise Majette","DEM","Feminine","Black"
"112","denny_rehberg.jpg","Denny Rehberg","REP","Masculine","White"
"113","dianne_feinstein.jpg","Dianne Feinstein","DEM","Feminine","White"
"114","dick_durbin.jpg","Dick Durbin","DEM","Masculine","White"
"115","dick_zimmer.jpg","Dick Zimmer","REP","Masculine","White"
"116","dino_rossi.jpg","Dino Rossi","REP","Masculine","White"
"117","don_stenberg.jpg","Don Stenberg","REP","Masculine","White"
"118","doug_forrester.jpg","Doug Forrester","REP","Masculine","White"
"119","doug_jones.jpg","Doug Jones","DEM","Masculine","White"
"120","duane_sand.jpg","Duane Sand","REP","Masculine","White"
"121","e_j_pipkin.jpg","E. J. Pipkin","REP","Masculine","White"
"122","ed_flanagan.jpg","Ed Flanagan","DEM","Masculine","White"
"123","ed_gillespie.jpg","Ed Gillespie","REP","Masculine","White"
"124","ed_markey.jpg","Ed Markey","DEM","Masculine","White"
"125","edward_m_bernstein.jpg","Edward M. Bernstein","DEM","Masculine","Latino_Hispanic"
"126","elaine_marshall.jpg","Elaine Marshall","DEM","Feminine","White"
"127","elizabeth_dole.jpg","Elizabeth Dole","REP","Feminine","White"
"128","elizabeth_emken.jpg","Elizabeth Emken","REP","Feminine","White"
"129","elizabeth_warren.jpg","Elizabeth Warren","DEM","Feminine","White"
"130","eric_fingerhut.jpg","Eric Fingerhut","DEM","Masculine","White"
"131","eric_wargotz.jpg","Eric Wargotz","REP","Masculine","White"
"132","ernest_hollings.jpg","Ernest Hollings","DEM","Masculine","White"
"133","erskine_bowles.jpg","Erskine Bowles","DEM","Masculine","White"
"134","evan_bayh.jpg","Evan Bayh","DEM","Masculine","White"
"135","fay_boozman.jpg","Fay Boozman","REP","Masculine","White"
"136","foster_campbell.jpg","Foster Campbell","DEM","Masculine","White"
"137","frank_lautenberg.jpg","Frank Lautenberg","DEM","Masculine","Middle Eastern"
"138","gary_peters.jpg","Gary Peters","DEM","Masculine","White"
"139","gene_kelly.jpg","Gene Kelly","DEM","Masculine","White"
"140","geoff_diehl.jpg","Geoff Diehl","REP","Masculine","White"
"141","george_allen.jpg","George Allen","REP","Masculine","White"
"142","george_nethercutt.jpg","George Nethercutt","REP","Masculine","White"
"143","george_voinovich.jpg","George Voinovich","REP","Masculine","White"
"144","gloria_tristani.jpg","Gloria Tristani","DEM","Feminine","White"
"145","gordon_ball.jpg","Gordon Ball","DEM","Masculine","White"
"146","gordon_h_smith.jpg","Gordon H. Smith","REP","Masculine","Middle Eastern"
"147","greg_ganske.jpg","Greg Ganske","REP","Masculine","White"
"148","harold_ford_jr.jpg","Harold Ford Jr.","DEM","Masculine","White"
"149","harry_reid.jpg","Harry Reid","DEM","Masculine","White"
"150","heather_wilson.jpg","Heather Wilson","REP","Feminine","White"
"151","heidi_heitkamp.jpg","Heidi Heitkamp","DEM","Feminine","White"
"152","herb_kohl.jpg","Herb Kohl","DEM","Masculine","White"
"153","hillary_clinton.jpg","Hillary Clinton","DEM","Feminine","White"
"154","howard_mills_III.jpg","Howard Mills III","REP","Masculine","White"
"155","inez_tenenbaum.jpg","Inez Tenenbaum","DEM","Feminine","White"
"156","jack_carter.jpg","Jack Carter","DEM","Feminine","White"
"157","jack_conway.jpg","Jack Conway","DEM","Masculine","White"
"158","jack_e_robinson.jpg","Jack E. Robinson III","REP","Masculine","Black"
"159","jack_hoogendyk.jpg","Jack Hoogendyk","REP","Masculine","White"
"160","jack_orchulli.jpg","Jack Orchulli","REP","Masculine","White"
"161","jack_reed.jpg","Jack Reed","DEM","Masculine","White"
"162","jacky_rosen.jpg","Jacky Rosen","DEM","Feminine","White"
"163","jaime_harrison.jpg","Jaime Harrison","DEM","Masculine","Black"
"164","james_huffman.jpg","Jim Huffman","REP","Masculine","Middle Eastern"
"165","jan_ting.jpg","Jan Ting","REP","Masculine","East Asian"
"166","jane_raybould.jpg","Jane Raybould","DEM","Feminine","White"
"167","jason_kander.jpg","Jason Kander","DEM","Masculine","White"
"168","jason_lewis.jpg","Jason Lewis","REP","Masculine","White"
"169","jay_nixon.jpg","Jay Nixon","DEM","Masculine","White"
"170","jay_williams.jpg","Jay Williams","DEM","Masculine","White"
"171","jean_carnahan.jpg","Jean Carnahan","DEM","Feminine","White"
"172","jean_hay_bright.jpg","Jean Hay Bright","DEM","Feminine","White"
"173","jeanne_shaheen.jpg","Jeanne Shaheen","DEM","Feminine","White"
"174","jeff_beatty.jpg","Jeff Beatty","REP","Masculine","White"
"175","jeff_bell.jpg","Jeff Bell","REP","Masculine","White"
"176","jeff_bingaman.jpg","Jeff Bingaman","DEM","Masculine","White"
"177","jeff_clark.jpg","Jeff Clark","DEM","Masculine","White"
"178","jeff_flake.jpg","Jeff Flake","REP","Masculine","White"
"179","jeff_merkley.jpg","Jeff Merkley","DEM","Masculine","White"
"180","jeff_sessions.jpg","Jeff Sessions","REP","Masculine","White"
"181","jim_barksdale.jpg","Jim Barksdale","DEM","Masculine","White"
"182","jim_bunning.jpg","Jim Bunning","REP","Masculine","White"
"183","jim_demint.jpg","Jim DeMint","REP","Masculine","Middle Eastern"
"184","jim_durkin.jpg","Jim Durkin","REP","Masculine","White"
"185","jim_gilmore.jpg","Jim Gilmore","REP","Masculine","East Asian"
"186","jim_gray.jpg","Jim Gray","DEM","Masculine","White"
"187","jim_holt.jpg","Jim Holt","REP","Masculine","White"
"188","jim_inhofe.jpg","Jim Inhofe","REP","Masculine","White"
"189","jim_jeffords.jpg","Jim Jeffords","REP","Masculine","White"
"190","jim_martin.png","Jim Martin","DEM","Masculine","White"
"191","jim_newberger.jpg","Jim Newberger","REP","Masculine","White"
"192","jim_oberweis.jpg","Jim Oberweis","REP","Feminine","White"
"193","jim_pederson.jpg","Jim Pederson","DEM","Masculine","White"
"194","jim_renacci.jpg","Jim Renacci","REP","Masculine","White"
"195","jim_risch.jpg","Jim Risch","REP","Masculine","White"
"196","jim_rogers.jpg","Jim Rogers","DEM","Masculine","White"
"197","jim_slattery.jpg","Jim Slattery","DEM","Masculine","White"
"198","jim_talent.jpg","Jim Talent","REP","Masculine","White"
"199","jim_webb.jpg","Jim Webb","DEM","Masculine","White"
"200","jo_rae_perkins.jpg","Jo Rae Perkins","REP","Feminine","White"
"201","joe_biden.jpg","Joe Biden","DEM","Masculine","White"
"202","joe_donnelly.jpg","Joe Donnelly","DEM","Masculine","White"
"203","joe_heck.jpg","Joe Heck","REP","Masculine","White"
"204","joe_kyrillos.jpg","Joe Kyrillos","REP","Masculine","Middle Eastern"
"205","joe_lieberman.jpg","Joe Lieberman","DEM","Masculine","White"
"206","joe_manchin.jpg","Joe Manchin","DEM","Masculine","White"
"207","joel_dykstra.jpg","Joel Dykstra","REP","Masculine","White"
"208","john_ashcroft.jpg","John Ashcroft","REP","Masculine","White"
"209","john_boozman.jpg","John Boozman","REP","Masculine","White"
"210","john_cornyn.jpg","John Cornyn","REP","Masculine","White"
"211","john_e_sununu.jpg","John E. Sununu","REP","Masculine","Middle Eastern"
"212","john_edwards.jpg","John Edwards","DEM","Masculine","White"
"213","john_ensign.jpg","John Ensign","REP","Masculine","Latino_Hispanic"
"214","john_gillespie.jpg","John Gillespie","REP","Masculine","East Asian"
"215","john_hickenlooper.jpg","John Hickenlooper","DEM","Masculine","White"
"216","john_james.jpg","John James","REP","Masculine","Black"
"217","john_kennedy.jpg","John Kennedy","REP","Feminine","White"
"218","john_kerry.jpg","John Kerry","DEM","Masculine","White"
"219","john_mccain.jpg","John McCain","REP","Masculine","White"
"220","john_raese.jpg","John Raese","REP","Masculine","White"
"221","john_thune.jpg","John Thune","REP","Masculine","White"
"222","johnny_isakson.jpg","Johnny Isakson","REP","Masculine","White"
"223","jon_corzine.jpg","Jon Corzine","DEM","Masculine","White"
"224","jon_kyl.jpg","Jon Kyl","REP","Masculine","White"
"225","jon_ossoff.jpg","Jon Ossoff","DEM","Masculine","White"
"226","jon_tester.jpg","Jon Tester","DEM","Masculine","White"
"227","joni_ernst.jpg","Joni Ernst","REP","Feminine","White"
"228","josh_hawley.jpg","Josh Hawley","REP","Masculine","White"
"229","josh_mandel.jpg","Josh Mandel","REP","Masculine","White"
"230","kathy_szeliga.jpg","Kathy Szeliga","REP","Feminine","White"
"231","kay_bailey_hutchison.jpg","Kay Bailey Hutchison","REP","Feminine","White"
"232","kay_hagan.jpg","Kay Hagan","DEM","Feminine","White"
"233","kelly_ayotte.jpg","Kelly Ayotte","REP","Feminine","White"
"234","kelly_loeffler.jpg","Kelly Loeffler"," REP","Feminine","White"
"235","ken_buck.jpg","Ken Buck","REP","Masculine","White"
"236","ken_salazar.jpg","Ken Salazar","DEM","Masculine","White"
"237","kenneth_chase.jpg","Kenneth Chase","REP","Masculine","White"
"238","kent_conrad.jpg","Kent Conrad","DEM","Masculine","White"
"239","kevin_cramer.jpg","Kevin Cramer","REP","Masculine","White"
"240","kevin_o'connor.jpg","Kevin O'Connor","REP","Masculine","White"
"241","kevin_wade.jpg","Kevin Wade"," REP","Masculine","White"
"242","kirsten_gillibrand.jpg","Kirsten Gillibrand","DEM","Feminine","White"
"243","kit_bond.jpg","Kit Bond","REP","Masculine","White"
"244","kurt_bills.jpg","Kurt Bills","REP","Masculine","White"
"245","kyrsten_sinema.jpg","Kyrsten Sinema","DEM","Feminine","White"
"246","lamar_alexander.jpg","Lamar Alexander","REP","Masculine","White"
"247","larry_craig.jpg","Larry Craig","REP","Masculine","White"
"248","larry_larocco.jpg","Larry LaRocco","DEM","Masculine","White"
"249","lauch_faircloth.jpg","Lauch Faircloth","REP","Masculine","White"
"250","lauren_witzke.jpg","Lauren Witzke","REP","Feminine","White"
"251","leah_vukmir.jpg","Leah Vukmir","REP","Feminine","White"
"252","lee_fisher.jpg","Lee Fisher","DEM","Masculine","White"
"253","lee_jones.jpg","Lee Jones","DEM","Masculine","White"
"254","len_britton.jpg","Len Britton","REP","Masculine","White"
"255","lincoln_chafee.jpg","Lincoln Chafee","REP","Masculine","White"
"256","linda_lingle.jpg","Linda Lingle","REP","Feminine","White"
"257","linda_mcmahon.jpg","Linda McMahon","REP","Feminine","White"
"258","linda_smith.jpg","Linda Smith","REP","Feminine","White"
"259","lindsey_graham.jpg","Lindsey Graham","REP","Feminine","White"
"260","lisa_murkowski.jpg","Lisa Murkowski","REP","Feminine","Middle Eastern"
"261","lois_combs_weinberg.jpg","Lois Combs Weinberg","DEM","Feminine","White"
"262","lou_barletta.jpg","Lou Barletta","REP","Masculine","Latino_Hispanic"
"263","mack_mattingly.jpg","Mack Mattingly","REP","Masculine","White"
"264","maggie_hassan.jpg","Maggie Hassan","DEM","Feminine","White"
"265","marco_rubio.jpg","Marco Rubio","REP","Masculine","White"
"266","maria_cantwell.jpg","Maria Cantwell","DEM","Feminine","White"
"267","mark_begich.jpg","Mark Begich","DEM","Masculine","White"
"268","mark_clayton.jpg","Mark Clayton","DEM","Masculine","Middle Eastern"
"269","mark_curran.jpg","Mark Curran","REP","Masculine","White"
"270","mark_dayton.jpg","Mark Dayton","DEM","Masculine","White"
"271","mark_kelly.jpg","Mark Kelly"," DEM","Masculine","White"
"272","mark_kennedy.jpg","Mark Kennedy","REP","Masculine","White"
"273","mark_kirk.jpg","Mark Kirk","REP","Masculine","White"
"274","mark_neumann.jpg","Mark Neumann","REP","Masculine","White"
"275","mark_pryor.jpg","Mark Pryor","DEM","Masculine","White"
"276","mark_ronchetti.jpg","Mark Ronchetti","REP","Masculine","White"
"277","mark_udall.jpg","Mark Udall","DEM","Masculine","White"
"278","mark_warner.jpg","Mark Warner","DEM","Masculine","White"
"279","marquita_bradshaw.jpg","Marquita Bradshaw","DEM","Feminine","Black"
"280","marsha_blackburn.jpg","Marsha Blackburn","REP","Feminine","White"
"281","martha_coakley.jpg","Martha Coakley","DEM","Feminine","White"
"282","martha_mcsally.jpg","Martha McSally","REP","Feminine","White"
"283","martin_heinrich.jpg","Martin Heinrich","DEM","Masculine","White"
"284","marvin_scott.jpg","Marvin Scott","REP","Masculine","Black"
"285","mary_landrieu.jpg","Mary Landrieu","DEM","Feminine","White"
"286","mary_oboyle.jpg","Mary Boyle","DEM","Feminine","White"
"287","matt_fong.jpg","Matt Fong","REP","Masculine","East Asian"
"288","matt_rosendale.jpg","Matt Rosendale","REP","Masculine","White"
"289","matthew_corey.jpg","Matthew Corey","REP","Masculine","White"
"290","max_baucus.jpg","Max Baucus","DEM","Masculine","White"
"291","max_cleland.jpg","Max Cleland","DEM","Masculine","White"
"292","mazie_hirono.jpg","Mazie Hirono","DEM","Feminine","East Asian"
"293","mel_carnahan.jpg","Mel Carnahan","DEM","Masculine","White"
"294","mel_logan.jpg","Mel Logan","DEM","Masculine","White"
"295","merav_ben-david.jpg","Merav Ben-David","DEM","Masculine","White"
"296","michael_baumgartner.jpg","Michael Baumgartner","REP","Masculine","White"
"297","michael_bennet.jpg","Michael Bennet","DEM","Masculine","White"
"298","michael_coles.jpg","Michael Coles","DEM","Masculine","Middle Eastern"
"299","michael_steele.jpg","Michael Steele","REP","Masculine","Indian"
"300","michael_thurmond.jpg","Michael Thurmond","DEM","Masculine","Black"
"301","michelle_nunn.jpg","Michelle Nunn","DEM","Feminine","White"
"302","mick_rich.jpg","Mick Rich","REP","Masculine","White"
"303","mike_bouchard.jpg","Mike Bouchard","REP","Masculine","White"
"304","mike_braun.jpg","Mike Braun","REP","Masculine","White"
"305","mike_crapo.jpg","Mike Crapo","REP","Masculine","White"
"306","mike_dewine.jpg","Mike DeWine","REP","Masculine","White"
"307","mike_enzi.jpg","Mike Enzi","REP","Masculine","White"
"308","mike_espy.jpg","Mike Espy","DEM","Masculine","Latino_Hispanic"
"309","mike_johanns.jpg","Mike Johanns","REP","Masculine","White"
"310","mike_lee.jpg","Mike Lee","REP","Masculine","White"
"311","mike_liffrig.jpg","Mike Liffrig","REP","Masculine","White"
"312","mike_mcfadden.jpg","Mike McFadden","REP","Masculine","White"
"313","mike_mcgavick.jpg","Mike McGavick","REP","Masculine","Middle Eastern"
"314","mike_rounds.jpg","Mike Rounds","REP","Masculine","White"
"315","mike_taylor.jpg","Mike Taylor","REP","Masculine","White"
"316","misty_snow.jpg","Misty K. Snow","DEM","Feminine","White"
"317","mitch_mcconnell.jpg","Mitch McConnell","REP","Masculine","White"
"318","mj_hegar.jpg","MJ Hegar","DEM","Feminine","White"
"319","monica_wehby.jpeg","Monica Wehby","REP","Feminine","White"
"320","nancy_farmer.jpg","Nancy Farmer","DEM","Feminine","White"
"321","ned_lamont.jpg","Ned Lamont","DEM","Feminine","White"
"322","norm_coleman.jpg","Norm Coleman","REP","Masculine","White"
"323","olympia_snowe.jpg","Olympia Snowe","REP","Feminine","White"
"324","orrin_hatch.jpg","Orrin Hatch","REP","Masculine","White"
"325","pat_roberts.jpg","Pat Roberts","REP","Masculine","White"
"326","patrick_leahy.jpg","Patrick Leahy","DEM","Masculine","White"
"327","patrick_morrisey.jpg","Patrick Morrisey","REP","Masculine","White"
"328","patrick_murphy.jpg","Patrick Murphy","DEM","Masculine","White"
"329","patty_judge.jpg","Patty Judge","DEM","Feminine","White"
"330","patty_murray.jpg","Patty Murray","DEM","Feminine","White"
"331","paul_d_coverdell.jpg","Paul Coverdell","REP","Masculine","White"
"332","paul_hodes.jpg","Paul Hodes","DEM","Masculine","Middle Eastern"
"333","paul_rappaport.jpg","Paul Rappaport","REP","Masculine","White"
"334","paul_sadler.jpg","Paul Sadler","DEM","Masculine","White"
"335","paul_sarbanes.jpg","Paul Sarbanes","DEM","Masculine","White"
"336","paul_van_dam.jpg","Paul Van Dam","DEM","Masculine","White"
"337","paula_jean_swearengin.jpg","Paula Jean Swearengin","DEM","Feminine","White"
"338","paulette_jordan.jpg","Paulette Jordan","DEM","Feminine","Latino_Hispanic"
"339","pete_ashdown.jpg","Pete Ashdown","DEM","Masculine","White"
"340","pete_coors.jpg","Pete Coors","REP","Masculine","Middle Eastern"
"341","pete_domenici.jpg","Pete Domenici","REP","Masculine","Latino_Hispanic"
"342","pete_hoekstra.jpg","Pete Hoekstra","REP","Masculine","White"
"343","peter_fitzgerald.jpg","Peter Fitzgerald","REP","Masculine","White"
"344","phil_bredesen.jpg","Phil Bredesen","DEM","Masculine","White"
"345","philip_giordano.jpg","Philip Giordano","REP","Masculine","Middle Eastern"
"346","rand_paul.jpg","Rand Paul","REP","Masculine","White"
"347","raphael_warnock.jpg","Raphael Warnock"," DEM","Masculine","Black"
"348","richard_blumenthal.jpg","Richard Blumenthal","DEM","Masculine","White"
"349","richard_burr.jpg","Richard Burr","REP","Masculine","White"
"350","richard_carmona.jpg","Richard Carmona","DEM","Masculine","White"
"351","richard_lugar.jpg","Richard Lugar","REP","Masculine","White"
"352","richard_mourdock.jpg","Richard Mourdock","REP","Masculine","White"
"353","richard_shelby.jpg","Richard Shelby","REP","Masculine","White"
"354","richard_ziser.jpg","Richard Ziser","REP","Masculine","White"
"355","rick_lazio.jpg","Rick Lazio","REP","Masculine","Latino_Hispanic"
"356","rick_noriega.jpg","Rick Noriega","DEM","Masculine","Latino_Hispanic"
"357","rick_santorum.jpg","Rick Santorum","REP","Masculine","White"
"358","rick_scott.jpg","Rick Scott","REP","Masculine","White"
"359","rick_weiland.jpg","Rick Weiland","DEM","Masculine","White"
"360","ricky_dale_harrington.jpg","Ricky Dale Harrington","LIB","Masculine","Indian"
"361","rik_mehta.jpg","Rik Mehta","REP","Masculine","Black"
"362","rob_portman.jpg","Rob Portman","REP","Masculine","Middle Eastern"
"363","robert_arlett.jpg","Robert Arlett"," REP","Masculine","White"
"364","robert_flanders.jpg","Robert Flanders","REP","Masculine","White"
"365","robert_lorge.jpg","Robert Lorge","REP","Masculine","Middle Eastern"
"366","robert_tingle.jpg","Robert Tingle","REP","Masculine","White"
"367","robert_weygand.jpg","Robert Weygand","DEM","Masculine","White"
"368","robin_carnahan.jpg","Robin Carnahan","DEM","Feminine","White"
"369","rocky_raczkowski.jpg","Rocky Raczkowski","REP","Masculine","White"
"370","rod_grams.jpg","Rod Grams","REP","Masculine","White"
"371","rodney_glassman.jpg","Rodney Glassman","DEM","Masculine","White"
"372","roger_f_wicker.jpg","Roger Wicker","REP","Masculine","White"
"373","roger_marshall.jpg","Roger Marshall","REP","Masculine","White"
"374","ron_johnson.jpg","Ron Johnson","REP","Masculine","White"
"375","ron_kirk.jpg","Ron Kirk","DEM","Masculine","Black"
"376","ron_wyden.jpg","Ron Wyden","DEM","Masculine","White"
"377","ronald_klink.jpg","Ron Klink","DEM","Masculine","White"
"378","ronnie_musgrove.jpg","Ronnie Musgrove","DEM","Masculine","White"
"379","roxanne_conlin.jpg","Roxanne Conlin","DEM","Feminine","White"
"380","roy_blunt.jpg","Roy Blunt","REP","Masculine","Middle Eastern"
"381","russ_feingold.jpg","Russ Feingold","DEM","Masculine","Middle Eastern"
"382","sam_brownback.jpg","Sam Brownback","REP","Masculine","White"
"383","sam_granato.jpg","Sam Granato","DEM","Masculine","Middle Eastern"
"384","sara_gideon.jpg","Sara Gideon","DEM","Feminine","Latino_Hispanic"
"385","saxby_chambliss.jpg","Saxby Chambliss","REP","Masculine","White"
"386","scott_brown.jpg","Scott Brown","REP","Masculine","White"
"387","scott_howell.jpg","Scott Howell","DEM","Masculine","White"
"388","scott_kleeb.jpg","Scott Kleeb","DEM","Masculine","White"
"389","scott_milne.jpg","Scott Milne","REP","Masculine","White"
"390","scotty_baesler.jpg","Scotty Baesler","DEM","Masculine","White"
"391","sharron_angle.jpg","Sharron Angle","REP","Feminine","White"
"392","sheldon_whitehouse.jpg","Sheldon Whitehouse","DEM","Masculine","White"
"393","shelley_berkley.jpg","Shelley Berkley","DEM","Feminine","White"
"394","shelley_moore_capito.jpg","Shelley Moore Capito","REP","Feminine","White"
"395","shenna_bellows.jpg","Shenna Bellows","DEM","Feminine","White"
"396","sherrod_brown.jpg","Sherrod Brown","DEM","Masculine","White"
"397","slade_gorton.jpg","Slade Gorton","REP","Masculine","White"
"398","spencer_abraham.jpg","Spencer Abraham","REP","Masculine","White"
"399","steve_bullock.jpg","Steve Bullock","DEM","Masculine","White"
"400","steve_daines.jpg","Steve Daines","REP","Masculine","White"
"401","steve_pearce.jpg","Steve Pearce","REP","Masculine","White"
"402","steve_sauerberg.jpg","Steve Sauerberg","REP","Masculine","White"
"403","susan_collins.jpg","Susan Collins","REP","Feminine","White"
"404","susan_hutchison.jpg","Susan Hutchison","REP","Feminine","White"
"405","susan_parker.png","Susan Parker","DEM","Feminine","White"
"406","suzanne_haik_terrell.jpg","Suzanne Haik Terrell","REP","Feminine","White"
"407","tammy_baldwin.jpg","Tammy Baldwin","DEM","Feminine","White"
"408","tammy_duckworth.jpg","Tammy Duckworth","DEM","Feminine","East Asian"
"409","ted_celeste.jpg","Ted Celeste","DEM","Masculine","Middle Eastern"
"410","ted_cruz.jpg","Ted Cruz","REP","Masculine","Middle Eastern"
"411","ted_kennedy.jpg","Ted Kennedy","DEM","Masculine","White"
"412","ted_stevens.jpg","Ted Stevens","REP","Masculine","Latino_Hispanic"
"413","ted_strickland.jpg","Ted Strickland","DEM","Masculine","Middle Eastern"
"414","terri_lynn_land.jpg","Terri Lynn Land","REP","Feminine","White"
"415","theresa_greenfield.jpg","Theresa Greenfield","DEM","Feminine","White"
"416","thom_tillis.jpg","Thom Tillis","REP","Masculine","White"
"417","thomas_dixon.jpg","Thomas Dixon","DEM","Masculine","Black"
"418","thomas_kean_jr.jpg","Thomas Kean Jr.","REP","Masculine","White"
"419","tim_johnson.jpg","Tim Johnson","DEM","Masculine","White"
"420","tim_kaine.jpg","Tim Kaine","DEM","Masculine","White"
"421","tim_michels.jpg","Tim Michels","REP","Masculine","White"
"422","tim_scott.jpg","Tim Scott","REP","Masculine","Black"
"423","timothy_hutchinson.jpg","Tim Hutchinson","REP","Masculine","White"
"424","tina_smith.jpg","Tina Smith","DEM","Feminine","White"
"425","todd_akin.jpg","Todd Akin","REP","Masculine","White"
"426","todd_young.jpg","Todd Young","REP","Masculine","White"
"427","tom_allen.jpeg","Tom Allen","DEM","Masculine","White"
"428","tom_campbell.jpg","Tom Campbell","REP","Masculine","White"
"429","tom_carper.jpg","Tom Carper","DEM","Masculine","White"
"430","tom_coburn.jpg","Tom Coburn","REP","Masculine","White"
"431","tom_cotton.jpg","Tom Cotton","REP","Masculine","White"
"432","tom_daschle.jpg","Tom Daschle","DEM","Masculine","White"
"433","tom_harkin.jpg","Tom Harkin","DEM","Masculine","White"
"434","tom_smith.jpg","Tom Smith","REP","Masculine","White"
"435","tom_strickland.jpg","Tom Strickland","DEM","Masculine","White"
"436","tom_sullivan.jpg","Tom Sullivan","DEM","Masculine","White"
"437","tom_udall.jpg","Tom Udall","DEM","Masculine","White"
"438","tommy_thompson.jpg","Tommy Thompson","REP","Masculine","White"
"439","tommy_tuberville.jpg","Tommy Tuberville","REP","Masculine","White"
"440","tony_campbell.jpg","Tony Campbell","REP","Masculine","Black"
"441","tony_knowles.jpg","Tony Knowles","DEM","Masculine","Latino_Hispanic"
"442","trent_lott.jpg","Trent Lott","REP","Masculine","White"
"443","troy_brown.jpg","Troy Brown","DEM","Masculine","Black"
"444","walter_mondale.jpg","Walter Mondale","DEM","Masculine","White"
"445","wayne_allard.jpg","Wayne Allard","REP","Masculine","White"
"446","wendy_e_long.jpg","Wendy Long","REP","Feminine","White"
"447","william_g_barnes.jpg","William G. Barnes","DEM","Masculine","White"
"448","william_roth.jpg","William Roth","REP","Masculine","White"
"449","william_t_redmond.jpg","William T. Redmond","REP","Masculine","White"
"450","zell_miller.jpg","Zell Miller","DEM","Masculine","White"
